site;age;pH;pH_16pc;pH_84pc;xco2;xco2_16pc;xco2_84pc;xco2_alkalinityLow;xco2_alkalinityHigh;ref
668B;3.6;8.187;8.172;8.202;271;254;289;250;293;Hönisch et al., 2009
668B;3.6;8.181;8.166;8.196;277;259;295;255;299;Hönisch et al., 2009
999A;3.9;8.139;8.123;8.154;290;270;311;265;315;Foster, 2008
999A;4.6;8.150;8.135;8.165;279;260;299;255;303;Foster, 2008
999A;5.0;8.130;8.115;8.145;298;278;320;273;324;Foster, 2008
999A;7.8;8.159;8.144;8.174;272;253;291;248;295;Foster, 2008
999A;7.8;8.146;8.130;8.161;283;264;304;259;308;Foster, 2008
999A;9.5;8.149;8.134;8.164;281;262;301;257;305;Foster, 2008
999A;10.3;8.182;8.167;8.197;252;235;271;231;274;Foster, 2008
999A;11.7;8.161;8.146;8.176;271;252;290;248;294;Foster, 2008
999A;14.0;8.190;8.175;8.205;246;229;264;225;268;Foster, 2008
668B;14.6;8.223;8.209;8.238;243;227;258;223;262;Hönisch et al., 2009
668B;14.6;8.237;8.222;8.251;233;218;248;214;252;Hönisch et al., 2009
999A;15.1;8.195;8.180;8.210;242;225;260;221;263;Foster, 2008
999A;15.1;8.211;8.196;8.226;230;213;246;209;250;Foster, 2008
926A;17.0;8.245;8.229;8.261;230;215;246;211;248;Sosdian et al., 2018
999A;17.3;8.207;8.192;8.222;233;217;250;213;254;Foster, 2008
999A;19.2;8.299;8.284;8.313;171;159;183;155;186;Foster, 2008
668B;20.4;8.329;8.315;8.343;177;166;188;163;191;Hönisch et al., 2009
999A;21.1;8.236;8.221;8.251;212;197;228;194;231;Foster, 2008
999A;22.5;8.235;8.220;8.250;212;198;228;194;231;Foster, 2008
999A;24.8;8.269;8.254;8.283;190;176;204;173;207;Foster, 2008
999A;26.3;8.283;8.268;8.298;181;168;194;164;197;Foster, 2008
999A;26.3;8.291;8.276;8.306;175;163;188;160;191;Foster, 2008
999A;36.9;8.219;8.204;8.234;224;209;241;205;244;Foster, 2008
668B;40.8;8.266;8.252;8.281;214;201;228;197;231;Hönisch et al., 2009
999A;47.1;8.226;8.211;8.241;219;204;235;200;239;Foster, 2008
999A;52.3;8.240;8.225;8.255;209;194;224;191;227;Foster, 2008
999A;61.4;8.239;8.225;8.254;209;194;224;191;228;Foster, 2008
668B;70.6;8.225;8.211;8.240;243;228;259;224;263;Hönisch et al., 2009
999A;76.3;8.187;8.172;8.202;249;232;267;228;271;Foster, 2008
999A;83.0;8.185;8.170;8.201;251;233;269;229;272;Foster, 2008
999A;88.1;8.153;8.138;8.168;278;259;298;254;302;Foster, 2008
999A;99.6;8.141;8.126;8.156;289;269;310;264;314;Foster, 2008
999A;104.5;8.168;8.153;8.183;265;247;284;242;288;Foster, 2008
999A;111.3;8.136;8.121;8.151;295;275;316;270;320;Chalk et al., 2017
668B;113.6;8.192;8.178;8.207;267;250;284;245;288;Hönisch et al., 2009
999A;114.2;8.103;8.087;8.118;327;304;350;299;354;Foster, 2008
999A;116.1;8.085;8.069;8.101;345;321;370;316;374;Foster, 2008
999A;119.1;8.111;8.095;8.128;318;296;341;291;345;Chalk et al., 2017
999A;119.1;8.074;8.058;8.090;356;332;382;327;386;Foster, 2008
999A;122.3;8.147;8.132;8.162;282;263;302;258;306;Foster, 2008
668B;123.2;8.135;8.120;8.150;315;295;335;290;340;Hönisch et al., 2009
999A;124.4;8.129;8.115;8.143;299;279;320;274;325;Chalk et al., 2017
999A;127.5;8.141;8.126;8.155;288;269;308;264;313;Chalk et al., 2017
668B;128.1;8.178;8.163;8.192;278;260;296;256;300;Hönisch et al., 2009
999A;131.0;8.129;8.114;8.144;298;278;320;273;324;Foster, 2008
999A;131.9;8.170;8.156;8.185;262;244;280;239;285;Chalk et al., 2017
999A;133.2;8.187;8.173;8.201;249;232;267;228;271;Chalk et al., 2017
999A;134.0;8.225;8.210;8.239;219;204;235;200;239;Chalk et al., 2017
999A;135.6;8.227;8.213;8.242;218;203;234;199;237;Chalk et al., 2017
668B;136.8;8.296;8.282;8.310;196;183;209;180;212;Hönisch et al., 2009
668B;138.6;8.329;8.315;8.344;176;165;187;162;190;Hönisch et al., 2009
999A;139.0;8.228;8.213;8.242;218;203;233;199;237;Chalk et al., 2017
999A;146.7;8.215;8.201;8.230;227;211;243;207;247;Chalk et al., 2017
999A;150.0;8.227;8.213;8.241;218;203;234;199;237;Chalk et al., 2017
999A;169.8;8.227;8.213;8.241;218;203;234;199;237;Chalk et al., 2017
999A;179.9;8.231;8.217;8.245;216;201;231;197;235;Chalk et al., 2017
999A;184.4;8.218;8.204;8.233;225;210;241;206;245;Chalk et al., 2017
999A;190.0;8.205;8.191;8.219;236;220;252;215;257;Chalk et al., 2017
999A;191.7;8.206;8.191;8.221;236;220;253;216;257;Chalk et al., 2017
999A;198.1;8.175;8.161;8.189;262;244;280;239;284;Chalk et al., 2017
999A;211.6;8.138;8.123;8.154;293;273;314;268;318;Chalk et al., 2017
999A;220.4;8.156;8.142;8.170;276;257;294;252;299;Chalk et al., 2017
999A;223.7;8.157;8.141;8.173;275;255;295;251;298;Chalk et al., 2017
999A;227.1;8.193;8.178;8.208;246;229;263;225;267;Chalk et al., 2017
999A;235.8;8.157;8.142;8.172;277;258;297;253;300;Chalk et al., 2017
999A;239.5;8.181;8.166;8.195;256;239;274;234;278;Chalk et al., 2017
999A;242.9;8.138;8.122;8.153;293;273;314;268;318;Chalk et al., 2017
999A;247.2;8.157;8.142;8.172;276;257;295;252;299;Chalk et al., 2017
999A;250.1;8.203;8.189;8.217;237;220;253;216;257;Chalk et al., 2017
999A;257.8;8.192;8.178;8.206;246;230;263;225;267;Chalk et al., 2017
668B;329.1;8.147;8.132;8.162;306;287;326;282;330;Hönisch et al., 2009
668B;358.5;8.270;8.255;8.284;212;199;226;195;229;Hönisch et al., 2009
668B;366.9;8.249;8.234;8.263;226;211;240;208;244;Hönisch et al., 2009
668B;386.4;8.208;8.193;8.223;255;239;271;235;275;Hönisch et al., 2009
668B;409.1;8.144;8.130;8.159;307;287;327;283;331;Hönisch et al., 2009
668B;418.8;8.176;8.161;8.191;280;262;298;258;302;Hönisch et al., 2009
668B;541.6;8.222;8.208;8.237;244;229;260;225;264;Hönisch et al., 2009
926A;556.1;8.222;8.196;8.248;245;224;268;226;265;Sosdian et al., 2018
668B;616.3;8.206;8.192;8.221;255;239;272;235;276;Hönisch et al., 2009
668B;651.0;8.333;8.319;8.347;174;163;185;160;188;Hönisch et al., 2009
668B;662.1;8.292;8.277;8.306;198;186;211;182;214;Hönisch et al., 2009
668B;675.0;8.260;8.246;8.275;217;204;231;200;235;Hönisch et al., 2009
668B;702.2;8.202;8.188;8.217;258;242;275;237;279;Hönisch et al., 2009
668B;703.5;8.190;8.176;8.205;268;251;286;247;289;Hönisch et al., 2009
668B;731.0;8.246;8.232;8.261;226;212;241;208;245;Hönisch et al., 2009
668B;752.4;8.275;8.261;8.289;209;196;222;192;226;Hönisch et al., 2009
668B;891.9;8.285;8.271;8.299;202;189;215;186;218;Hönisch et al., 2009
668B;950.0;8.165;8.150;8.180;289;271;308;266;312;Hönisch et al., 2009
668B;952.8;8.138;8.123;8.153;313;294;334;289;338;Hönisch et al., 2009
668B;1072.8;8.152;8.137;8.167;301;282;321;277;325;Hönisch et al., 2009
668B;1078.9;8.198;8.183;8.213;262;246;280;242;283;Hönisch et al., 2009
999A;1087.3;8.192;8.179;8.206;246;230;263;225;268;Chalk et al., 2017
999A;1088.7;8.159;8.145;8.173;275;256;293;251;298;Chalk et al., 2017
999A;1090.0;8.206;8.192;8.219;236;220;252;215;256;Chalk et al., 2017
999A;1092.7;8.179;8.165;8.193;257;240;275;235;279;Chalk et al., 2017
999A;1094.7;8.167;8.152;8.181;267;249;285;244;290;Chalk et al., 2017
999A;1099.5;8.084;8.070;8.099;347;324;370;318;376;Chalk et al., 2017
999A;1102.4;8.105;8.091;8.120;325;303;347;297;352;Chalk et al., 2017
999A;1103.2;8.094;8.078;8.112;335;312;360;307;364;Chalk et al., 2017
999A;1106.2;8.173;8.160;8.186;262;245;279;239;284;Chalk et al., 2017
999A;1107.8;8.152;8.138;8.166;281;262;300;257;305;Chalk et al., 2017
999A;1110.3;8.126;8.112;8.140;304;284;324;278;330;Chalk et al., 2017
999A;1112.8;8.173;8.159;8.187;261;244;279;239;284;Chalk et al., 2017
999A;1115.3;8.198;8.185;8.212;241;225;258;220;262;Chalk et al., 2017
999A;1117.9;8.217;8.204;8.230;227;211;242;207;246;Chalk et al., 2017
999A;1120.4;8.170;8.157;8.183;264;246;281;241;286;Chalk et al., 2017
999A;1123.1;8.232;8.219;8.245;215;200;229;196;234;Chalk et al., 2017
999A;1126.1;8.173;8.159;8.188;263;245;281;240;285;Chalk et al., 2017
999A;1127.8;8.175;8.161;8.190;261;243;279;239;284;Chalk et al., 2017
999A;1131.0;8.169;8.155;8.182;266;249;284;243;289;Chalk et al., 2017
999A;1136.6;8.116;8.103;8.130;314;294;335;288;341;Chalk et al., 2017
999A;1140.0;8.101;8.086;8.115;331;309;353;303;359;Chalk et al., 2017
999A;1143.2;8.132;8.117;8.148;300;280;322;275;326;Chalk et al., 2017
999A;1145.3;8.112;8.096;8.127;320;298;342;293;347;Chalk et al., 2017
999A;1148.9;8.095;8.076;8.115;337;311;363;308;365;Chalk et al., 2017
999A;1150.9;8.154;8.139;8.170;281;262;301;257;305;Chalk et al., 2017
999A;1154.1;8.171;8.156;8.186;266;248;284;243;288;Chalk et al., 2017
999A;1157.8;8.107;8.092;8.123;324;302;346;297;351;Chalk et al., 2017
999A;1160.7;8.098;8.083;8.113;334;311;357;306;362;Chalk et al., 2017
999A;1162.9;8.136;8.122;8.150;296;276;316;271;321;Chalk et al., 2017
668B;1168.3;8.187;8.173;8.202;271;254;289;249;293;Hönisch et al., 2009
999A;1169.9;8.126;8.112;8.139;305;285;326;279;331;Chalk et al., 2017
999A;1177.6;8.138;8.125;8.152;294;274;313;269;319;Chalk et al., 2017
999A;1179.7;8.151;8.137;8.165;282;263;301;258;306;Chalk et al., 2017
999A;1181.8;8.190;8.177;8.203;248;231;265;227;269;Chalk et al., 2017
999A;1184.1;8.201;8.187;8.214;241;224;257;220;261;Chalk et al., 2017
999A;1186.0;8.159;8.145;8.173;275;256;294;251;298;Chalk et al., 2017
999A;1188.1;8.148;8.134;8.162;285;266;304;260;309;Chalk et al., 2017
999A;1191.3;8.216;8.203;8.229;228;213;244;209;248;Chalk et al., 2017
668B;1192.4;8.265;8.251;8.279;214;201;228;197;231;Hönisch et al., 2009
999A;1195.2;8.227;8.214;8.241;221;206;236;202;240;Chalk et al., 2017
999A;1203.3;8.247;8.234;8.260;206;192;220;188;224;Chalk et al., 2017
999A;1206.8;8.210;8.197;8.223;232;216;248;212;252;Chalk et al., 2017
999A;1210.0;8.182;8.169;8.196;255;238;272;233;277;Chalk et al., 2017
668B;1212.5;8.245;8.231;8.260;228;214;243;210;247;Hönisch et al., 2009
999A;1214.5;8.121;8.107;8.135;311;290;331;284;337;Chalk et al., 2017
999A;1216.4;8.140;8.125;8.155;293;273;313;268;317;Chalk et al., 2017
999A;1218.5;8.108;8.093;8.123;323;302;346;296;351;Chalk et al., 2017
999A;1224.2;8.161;8.146;8.176;273;254;292;250;296;Chalk et al., 2017
999A;1227.2;8.140;8.126;8.155;292;272;312;267;317;Chalk et al., 2017
999A;1230.7;8.093;8.077;8.109;338;315;363;310;367;Chalk et al., 2017
668B;1233.3;8.210;8.195;8.225;253;237;270;233;274;Hönisch et al., 2009
999A;1233.9;8.111;8.096;8.126;319;298;341;292;346;Chalk et al., 2017
999A;1236.2;8.151;8.137;8.164;282;263;301;257;306;Chalk et al., 2017
668B;1238.7;8.178;8.164;8.193;278;260;296;256;300;Hönisch et al., 2009
999A;1239.8;8.143;8.128;8.157;288;269;308;264;313;Chalk et al., 2017
999A;1243.3;8.115;8.102;8.128;314;293;335;287;340;Chalk et al., 2017
668B;1253.0;8.281;8.267;8.295;205;192;218;188;221;Hönisch et al., 2009
668B;1261.7;8.222;8.207;8.236;244;229;260;225;264;Hönisch et al., 2009
668B;1351.5;8.162;8.147;8.177;292;273;311;269;315;Hönisch et al., 2009
668B;1380.3;8.251;8.237;8.266;223;209;237;205;241;Hönisch et al., 2009
668B;1384.0;8.256;8.242;8.270;218;204;232;201;236;Dyez et al., 2018
668B;1392.7;8.166;8.149;8.184;288;269;308;265;311;Dyez et al., 2018
668B;1397.3;8.180;8.166;8.194;277;260;295;255;299;Dyez et al., 2018
668B;1402.0;8.128;8.112;8.144;325;304;347;299;351;Dyez et al., 2018
668B;1408.0;8.138;8.115;8.161;314;289;341;290;339;Dyez et al., 2018
668B;1414.0;8.199;8.184;8.214;262;245;279;241;283;Dyez et al., 2018
668B;1420.0;8.280;8.264;8.297;204;190;218;187;220;Dyez et al., 2018
668B;1425.2;8.227;8.212;8.243;240;224;256;220;259;Dyez et al., 2018
668B;1430.3;8.238;8.221;8.255;232;216;248;213;250;Dyez et al., 2018
668B;1435.5;8.215;8.191;8.239;248;228;270;229;268;Dyez et al., 2018
668B;1440.7;8.156;8.141;8.171;297;278;317;274;321;Dyez et al., 2018
668B;1445.8;8.159;8.142;8.177;294;274;315;270;317;Dyez et al., 2018
668B;1451.0;8.200;8.176;8.223;261;239;283;240;281;Dyez et al., 2018
668B;1455.5;8.230;8.214;8.246;238;222;254;219;257;Dyez et al., 2018
668B;1459.4;8.200;8.185;8.216;261;244;278;240;282;Dyez et al., 2018
668B;1464.5;8.212;8.197;8.226;251;235;268;231;271;Dyez et al., 2018
668B;1473.5;8.171;8.157;8.185;285;267;303;262;308;Dyez et al., 2018
668B;1478.0;8.179;8.165;8.194;278;260;295;255;300;Dyez et al., 2018
668B;1482.5;8.240;8.226;8.254;231;217;246;212;250;Dyez et al., 2018
668B;1487.0;8.196;8.182;8.211;263;246;280;242;284;Hönisch et al., 2009
668B;1490.0;8.154;8.140;8.169;298;279;317;274;322;Dyez et al., 2018
668B;1493.0;8.259;8.245;8.273;217;203;231;199;234;Dyez et al., 2018
668B;1496.4;8.283;8.269;8.297;201;189;215;185;218;Dyez et al., 2018
668B;1499.0;8.248;8.234;8.263;225;211;240;207;243;Hönisch et al., 2009
668B;1499.0;8.247;8.234;8.260;225;211;239;207;243;Dyez et al., 2018
668B;1502.3;8.315;8.301;8.329;183;172;195;168;198;Dyez et al., 2018
668B;1505.7;8.214;8.201;8.228;250;235;266;230;270;Dyez et al., 2018
668B;1509.0;8.176;8.161;8.191;280;262;298;258;302;Dyez et al., 2018
668B;1512.3;8.245;8.230;8.260;227;212;242;208;245;Dyez et al., 2018
668B;1515.7;8.150;8.135;8.165;303;284;323;279;327;Dyez et al., 2018
668B;1519.0;8.174;8.159;8.189;282;264;301;260;305;Dyez et al., 2018
668B;1522.3;8.167;8.150;8.184;288;269;308;265;311;Dyez et al., 2018
668B;1525.7;8.141;8.127;8.155;311;291;330;286;335;Dyez et al., 2018
926A;1528.1;8.233;8.215;8.251;238;221;255;219;257;Sosdian et al., 2018
668B;1529.0;8.203;8.190;8.216;258;242;274;237;279;Dyez et al., 2018
668B;1535.7;8.161;8.146;8.176;294;276;314;271;318;Dyez et al., 2018
668B;1539.0;8.248;8.234;8.263;226;211;240;208;244;Hönisch et al., 2009
668B;1541.3;8.244;8.229;8.258;229;214;244;211;247;Hönisch et al., 2009
668B;1542.3;8.176;8.161;8.191;281;263;299;259;303;Hönisch et al., 2009
668B;1574.1;8.178;8.163;8.193;278;261;296;256;300;Hönisch et al., 2009
668B;1577.4;8.263;8.248;8.277;216;203;230;199;234;Hönisch et al., 2009
668B;1616.0;8.147;8.132;8.162;306;286;326;282;330;Hönisch et al., 2009
668B;1644.6;8.300;8.286;8.314;192;180;205;177;208;Hönisch et al., 2009
668B;1648.7;8.287;8.273;8.301;200;187;213;184;216;Hönisch et al., 2009
668B;1659.5;8.298;8.284;8.313;194;182;207;178;210;Hönisch et al., 2009
668B;1698.5;8.162;8.147;8.177;294;275;313;270;317;Hönisch et al., 2009
668B;1753.1;8.164;8.149;8.179;292;274;311;269;315;Hönisch et al., 2009
668B;1774.9;8.256;8.241;8.270;220;206;234;202;237;Hönisch et al., 2009
668B;1779.6;8.242;8.228;8.256;229;215;244;211;248;Hönisch et al., 2009
926A;1883.3;8.252;8.236;8.269;225;210;241;207;243;Sosdian et al., 2018
926A;2214.8;8.154;8.137;8.171;302;282;323;278;326;Sosdian et al., 2018
999A;2337.8;8.100;8.086;8.115;330;308;352;302;358;Martínez-Botí et al., 2015
999A;2346.7;8.102;8.082;8.121;329;304;355;301;357;Martínez-Botí et al., 2015
999A;2352.7;8.110;8.095;8.125;319;298;341;292;346;Martínez-Botí et al., 2015
999A;2362.2;7.988;7.969;8.008;463;429;499;425;501;Martínez-Botí et al., 2015
999A;2372.2;8.015;7.999;8.032;428;399;458;393;463;Martínez-Botí et al., 2015
999A;2381.3;8.050;8.035;8.066;385;359;412;353;417;Martínez-Botí et al., 2015
999A;2389.3;8.046;8.031;8.061;390;365;417;358;423;Martínez-Botí et al., 2015
999A;2410.9;8.141;8.127;8.155;290;271;309;265;315;Martínez-Botí et al., 2015
999A;2424.9;8.086;8.072;8.100;345;323;369;316;374;Martínez-Botí et al., 2015
999A;2451.2;8.098;8.084;8.112;333;311;355;305;361;Martínez-Botí et al., 2015
999A;2474.5;8.078;8.064;8.092;354;331;378;325;384;Martínez-Botí et al., 2015
999A;2500.4;8.063;8.048;8.078;371;346;397;340;402;Martínez-Botí et al., 2015
999A;2501.4;8.058;8.044;8.073;376;351;401;345;407;Martínez-Botí et al., 2015
999A;2521.9;8.181;8.167;8.194;257;239;274;235;279;Martínez-Botí et al., 2015
999A;2545.2;8.084;8.070;8.098;348;325;372;319;377;Martínez-Botí et al., 2015
926A;2548.6;8.178;8.162;8.193;281;263;300;258;303;Sosdian et al., 2018
999A;2561.9;8.118;8.104;8.132;313;292;334;286;339;Martínez-Botí et al., 2015
999A;2579.4;8.088;8.074;8.103;343;321;367;315;372;Martínez-Botí et al., 2015
999A;2594.8;8.057;8.040;8.074;378;352;405;347;409;Martínez-Botí et al., 2015
999A;2615.1;8.141;8.128;8.155;292;272;311;267;317;Martínez-Botí et al., 2015
999A;2624.5;8.113;8.098;8.127;319;298;341;292;346;Martínez-Botí et al., 2015
999A;2630.9;8.179;8.165;8.193;258;240;276;236;280;Martínez-Botí et al., 2015
999A;2648.3;8.137;8.123;8.151;295;276;315;270;321;Martínez-Botí et al., 2015
999A;2664.7;8.113;8.098;8.128;318;296;340;291;344;Martínez-Botí et al., 2015
999A;2673.0;8.159;8.144;8.174;276;257;295;252;299;Martínez-Botí et al., 2015
999A;2680.4;8.095;8.081;8.109;337;315;360;309;366;Martínez-Botí et al., 2015
999A;2686.6;8.136;8.122;8.150;297;277;318;272;322;Martínez-Botí et al., 2015
999A;2695.2;8.147;8.133;8.161;288;269;307;263;312;Martínez-Botí et al., 2015
999A;2700.0;8.196;8.176;8.217;245;225;266;224;266;Martínez-Botí et al., 2015
999A;2703.2;8.100;8.084;8.116;332;309;356;305;360;Martínez-Botí et al., 2015
999A;2707.2;8.161;8.147;8.175;275;256;293;251;298;Martínez-Botí et al., 2015
999A;2745.5;8.078;8.064;8.093;355;331;379;325;384;Martínez-Botí et al., 2015
999A;2751.5;8.096;8.079;8.113;336;312;361;308;364;Martínez-Botí et al., 2015
999A;2764.2;8.061;8.046;8.076;374;349;400;343;405;Martínez-Botí et al., 2015
999A;2777.5;8.141;8.127;8.155;293;273;313;268;318;Martínez-Botí et al., 2015
999A;2798.5;8.137;8.123;8.152;295;275;316;270;320;Martínez-Botí et al., 2015
999A;2830.2;8.097;8.083;8.112;334;312;357;306;362;Martínez-Botí et al., 2015
999A;2831.7;8.057;8.032;8.081;379;346;413;347;410;Martínez-Botí et al., 2015
999A;2838.9;8.034;8.019;8.048;406;379;434;373;440;Martínez-Botí et al., 2015
999A;2849.2;8.110;8.095;8.125;322;301;345;295;350;Martínez-Botí et al., 2015
999A;2858.3;7.989;7.973;8.004;464;433;495;426;502;Martínez-Botí et al., 2015
926A;2881.5;8.239;8.224;8.254;233;219;248;215;252;Sosdian et al., 2018
999A;2912.4;8.050;8.035;8.065;387;362;413;355;419;Martínez-Botí et al., 2015
999A;2923.6;8.044;8.029;8.060;394;367;421;361;426;Martínez-Botí et al., 2015
999A;2941.6;8.079;8.065;8.093;354;331;378;325;384;Martínez-Botí et al., 2015
999A;2950.5;8.061;8.046;8.077;374;349;401;343;405;Martínez-Botí et al., 2015
999A;2951.2;8.008;7.985;8.030;438;403;475;402;474;Martínez-Botí et al., 2015
999A;2959.6;8.068;8.055;8.083;365;341;389;334;395;Martínez-Botí et al., 2015
999A;2978.1;8.087;8.073;8.101;346;323;369;317;375;Martínez-Botí et al., 2015
999A;3002.8;8.049;8.034;8.064;388;362;414;356;420;Martínez-Botí et al., 2015
999A;3011.0;8.060;8.045;8.076;375;350;401;344;406;Martínez-Botí et al., 2015
999A;3027.6;8.039;8.024;8.054;400;374;427;367;433;Martínez-Botí et al., 2015
999A;3042.7;8.007;7.990;8.024;440;410;472;404;476;Martínez-Botí et al., 2015
999A;3050.0;8.006;7.992;8.021;440;411;470;404;476;Martínez-Botí et al., 2015
999A;3059.0;8.056;8.038;8.074;380;352;408;348;411;Martínez-Botí et al., 2015
999A;3063.0;8.011;7.995;8.027;434;405;465;398;470;Martínez-Botí et al., 2015
999A;3066.5;8.039;8.024;8.055;399;372;427;366;432;Martínez-Botí et al., 2015
999A;3091.2;8.079;8.064;8.094;354;330;378;324;383;Martínez-Botí et al., 2015
999A;3100.2;8.093;8.078;8.108;339;316;362;310;367;Martínez-Botí et al., 2015
999A;3114.2;8.028;8.013;8.043;414;386;442;379;448;Martínez-Botí et al., 2015
999A;3133.2;8.071;8.054;8.087;364;339;390;334;394;Martínez-Botí et al., 2015
999A;3143.2;8.080;8.063;8.098;353;328;379;324;382;Martínez-Botí et al., 2015
999A;3149.8;8.115;8.102;8.129;315;294;336;288;341;de la Vega et al., 2020
999A;3151.9;8.021;7.987;8.055;422;377;471;387;457;Martínez-Botí et al., 2015
999A;3152.2;8.039;8.024;8.053;399;373;426;366;432;de la Vega et al., 2020
999A;3153.1;8.058;8.043;8.074;376;351;403;345;408;de la Vega et al., 2020
999A;3155.3;8.077;8.064;8.090;355;332;378;325;384;de la Vega et al., 2020
999A;3156.8;7.943;7.928;7.958;530;496;566;487;573;de la Vega et al., 2020
999A;3157.9;8.074;8.058;8.089;360;335;385;330;390;Martínez-Botí et al., 2015
999A;3158.8;8.066;8.053;8.079;367;343;390;336;398;de la Vega et al., 2020
999A;3160.1;8.066;8.051;8.080;367;343;392;336;398;de la Vega et al., 2020
999A;3161.9;7.991;7.976;8.006;461;430;492;423;498;de la Vega et al., 2020
999A;3163.1;8.034;8.021;8.048;404;378;431;371;438;de la Vega et al., 2020
999A;3171.6;7.978;7.962;7.994;478;446;512;439;517;Martínez-Botí et al., 2015
999A;3179.8;8.035;8.020;8.049;404;378;431;371;438;Martínez-Botí et al., 2015
999A;3181.5;8.086;8.072;8.100;345;322;368;316;374;de la Vega et al., 2020
999A;3185.3;8.052;8.039;8.066;383;358;408;351;415;de la Vega et al., 2020
999A;3186.4;7.925;7.907;7.944;558;518;598;512;603;de la Vega et al., 2020
999A;3189.2;8.129;8.115;8.143;302;282;322;276;328;Martínez-Botí et al., 2015
999A;3190.8;8.001;7.984;8.019;447;416;479;410;483;de la Vega et al., 2020
999A;3196.0;7.967;7.951;7.982;495;462;529;454;535;de la Vega et al., 2020
999A;3198.7;8.081;8.066;8.097;351;327;376;322;381;Martínez-Botí et al., 2015
999A;3202.9;8.046;8.033;8.059;390;365;416;358;423;de la Vega et al., 2020
999A;3205.3;7.966;7.948;7.985;495;460;532;454;535;de la Vega et al., 2020
999A;3208.3;8.025;8.010;8.041;416;388;445;381;450;de la Vega et al., 2020
999A;3209.4;8.084;8.067;8.102;347;323;373;318;377;Martínez-Botí et al., 2015
999A;3211.0;8.004;7.987;8.021;444;413;476;407;480;de la Vega et al., 2020
999A;3216.1;8.039;8.024;8.054;399;372;427;366;432;de la Vega et al., 2020
999A;3220.1;8.002;7.984;8.020;446;414;478;409;482;de la Vega et al., 2020
999A;3224.0;8.012;7.995;8.029;433;403;464;397;468;de la Vega et al., 2020
999A;3224.6;8.039;8.023;8.056;399;371;427;366;432;Martínez-Botí et al., 2015
999A;3230.6;7.974;7.957;7.991;484;451;519;445;524;de la Vega et al., 2020
999A;3233.0;8.087;8.071;8.103;344;321;369;315;373;de la Vega et al., 2020
999A;3236.0;8.024;8.008;8.040;418;390;448;383;452;de la Vega et al., 2020
999A;3239.9;8.000;7.974;8.026;448;408;490;411;485;Martínez-Botí et al., 2015
999A;3242.9;8.060;8.045;8.075;375;350;401;344;406;Martínez-Botí et al., 2015
999A;3245.8;8.094;8.080;8.109;337;315;360;309;366;Martínez-Botí et al., 2015
999A;3247.8;8.006;7.989;8.022;441;410;472;404;477;de la Vega et al., 2020
999A;3248.5;8.085;8.069;8.102;369;324;373;319;377;Sosdian et al., 2018
999A;3254.1;8.032;8.017;8.049;407;379;436;373;441;de la Vega et al., 2020
999A;3259.6;8.065;8.045;8.085;369;341;399;339;400;Martínez-Botí et al., 2015
999A;3260.8;8.019;8.002;8.037;423;393;454;388;458;de la Vega et al., 2020
999A;3268.1;8.037;8.023;8.051;401;375;428;368;434;de la Vega et al., 2020
999A;3270.2;8.048;8.024;8.070;388;356;422;356;421;Martínez-Botí et al., 2015
999A;3278.7;8.003;7.986;8.019;445;414;476;408;481;de la Vega et al., 2020
999A;3280.6;8.098;8.083;8.113;333;311;357;305;361;Martínez-Botí et al., 2015
999A;3286.7;8.086;8.072;8.100;346;323;369;317;375;de la Vega et al., 2020
999A;3290.2;8.034;8.016;8.051;406;377;436;372;439;de la Vega et al., 2020
999A;3293.1;8.091;8.078;8.105;340;318;363;312;369;de la Vega et al., 2020
999A;3296.4;8.002;7.986;8.019;445;415;477;409;482;de la Vega et al., 2020
999A;3299.5;8.016;8.000;8.032;428;399;458;392;463;de la Vega et al., 2020
999A;3302.6;7.944;7.927;7.961;528;493;566;485;571;de la Vega et al., 2020
999A;3304.1;7.981;7.965;7.996;475;443;507;436;514;de la Vega et al., 2020
999A;3310.8;7.992;7.976;8.008;459;428;491;421;497;de la Vega et al., 2020
999A;3314.6;7.979;7.964;7.995;477;445;510;438;516;de la Vega et al., 2020
999A;3317.5;8.068;8.053;8.083;365;340;390;334;395;de la Vega et al., 2020
999A;3320.3;8.023;8.009;8.036;419;392;446;384;454;de la Vega et al., 2020
999A;3323.2;8.095;8.081;8.110;335;313;358;307;364;de la Vega et al., 2020
999A;3326.1;7.976;7.960;7.991;482;449;515;442;521;de la Vega et al., 2020
999A;3329.2;8.063;8.048;8.078;370;346;396;340;401;de la Vega et al., 2020
999A;3332.1;8.078;8.063;8.092;354;331;378;325;384;de la Vega et al., 2020
926A;4424.2;8.190;8.175;8.205;271;253;288;249;292;Sosdian et al., 2018
926A;4860.2;8.045;7.998;8.090;414;361;477;382;447;Sosdian et al., 2018
926A;5332.9;8.029;8.010;8.047;434;404;465;399;469;Sosdian et al., 2018
926A;5801.6;8.038;8.009;8.067;423;384;465;387;459;Sosdian et al., 2018
1000A;5806.3;8.169;8.157;8.181;289;270;307;264;313;Sosdian et al., 2018
1000A;6535.3;8.081;8.069;8.093;374;349;399;340;408;Sosdian et al., 2018
1000A;7001.9;8.042;8.030;8.054;417;389;446;378;457;Sosdian et al., 2018
1000A;8446.5;8.042;8.030;8.054;418;387;450;374;463;Sosdian et al., 2018
926A;8561.0;7.959;7.934;7.983;530;481;580;473;586;Sosdian et al., 2018
926A;9244.3;7.993;7.975;8.011;481;440;524;428;535;Sosdian et al., 2018
926A;9874.0;8.125;8.110;8.139;331;302;359;292;369;Sosdian et al., 2018
926A;10603.9;8.053;8.012;8.094;406;354;465;357;456;Sosdian et al., 2018
761B;11539.3;8.033;8.009;8.056;431;387;477;375;487;Sosdian et al., 2018
926A;11800.0;7.939;7.923;7.956;560;507;614;487;634;Foster et al., 2012
761B;12098.6;8.039;8.015;8.061;424;379;470;367;481;Sosdian et al., 2018
761B;12281.3;8.041;8.025;8.056;420;379;461;363;477;Foster et al., 2012
761B;12519.8;8.097;8.052;8.141;358;307;416;308;408;Sosdian et al., 2018
761B;12719.0;7.981;7.965;7.997;499;449;549;429;568;Foster et al., 2012
761B;13253.2;7.946;7.929;7.963;551;494;608;472;630;Foster et al., 2012
761B;13476.9;7.948;7.930;7.965;548;491;606;469;628;Foster et al., 2012
926A;13600.0;7.966;7.950;7.982;521;467;575;445;597;Foster et al., 2012
Malta;13698.2;7.935;7.918;7.952;569;509;629;485;652;Badger et al., 2013
761B;13715.9;7.953;7.936;7.971;540;483;597;461;619;Foster et al., 2012
Malta;13735.7;7.928;7.910;7.945;579;519;640;495;664;Badger et al., 2013
Malta;13740.5;7.970;7.953;7.986;515;461;570;440;591;Badger et al., 2013
Malta;13766.3;7.865;7.847;7.883;691;618;764;590;792;Badger et al., 2013
Malta;13785.6;7.887;7.869;7.905;650;581;718;554;745;Badger et al., 2013
Malta;13798.5;7.851;7.834;7.869;719;643;795;613;824;Badger et al., 2013
761B;13832.8;7.926;7.908;7.944;583;521;645;497;669;Foster et al., 2012
761B;14170.9;7.910;7.890;7.930;609;543;677;518;700;Foster et al., 2012
761B;14310.7;7.903;7.885;7.921;622;555;690;528;715;Foster et al., 2012
761B;14796.0;7.772;7.746;7.798;887;784;995;751;1022;Foster et al., 2012
926A;14940.0;7.806;7.788;7.824;809;720;899;684;934;Foster et al., 2012
761B;15037.2;7.822;7.796;7.848;773;681;869;653;893;Foster et al., 2012
761B;15541.3;7.882;7.859;7.905;658;581;737;554;762;Greenop et al., 2014
761B;15559.9;7.868;7.849;7.887;684;606;763;576;792;Foster et al., 2012
761B;15599.6;7.733;7.709;7.756;987;873;1104;832;1141;Greenop et al., 2014
761B;15612.8;7.710;7.689;7.730;1050;931;1170;886;1214;Greenop et al., 2014
761B;15626.0;7.846;7.825;7.866;728;645;813;613;843;Greenop et al., 2014
761B;15652.4;7.891;7.867;7.914;644;568;722;542;746;Greenop et al., 2014
761B;15692.1;7.900;7.862;7.937;627;542;720;528;726;Greenop et al., 2014
761B;15718.6;7.690;7.617;7.755;1104;906;1358;932;1277;Greenop et al., 2014
761B;15758.5;7.895;7.862;7.926;636;554;724;535;737;Greenop et al., 2014
761B;15771.9;7.866;7.828;7.902;689;596;789;580;798;Greenop et al., 2014
761B;15806.6;7.669;7.636;7.700;1168;1023;1324;985;1351;Greenop et al., 2014
761B;15838.9;7.740;7.710;7.768;970;852;1096;818;1123;Greenop et al., 2014
761B;15866.0;7.754;7.725;7.782;932;819;1053;785;1079;Foster et al., 2012
761B;15893.2;7.906;7.886;7.926;616;545;689;518;715;Greenop et al., 2014
761B;15953.7;7.899;7.850;7.946;628;532;738;528;728;Greenop et al., 2014
761B;15962.0;7.860;7.835;7.883;701;618;788;590;813;Greenop et al., 2014
761B;15975.9;7.611;7.588;7.634;1359;1204;1519;1146;1572;Greenop et al., 2014
761B;15989.9;7.854;7.829;7.879;711;627;800;598;825;Greenop et al., 2014
926B;16013.8;7.841;7.819;7.863;734;650;821;618;850;Sosdian et al., 2018
926B;16024.1;7.975;7.957;7.993;508;450;567;427;589;Sosdian et al., 2018
761B;16060.7;7.891;7.869;7.912;643;568;720;540;745;Greenop et al., 2014
926B;16071.4;7.922;7.904;7.940;588;521;655;494;681;Sosdian et al., 2018
761B;16118.7;7.766;7.724;7.807;901;776;1041;759;1044;Greenop et al., 2014
761B;16148.2;7.868;7.848;7.887;686;607;766;576;795;Greenop et al., 2014
761B;16178.0;7.918;7.897;7.938;596;527;667;501;692;Greenop et al., 2014
761B;16208.3;7.969;7.934;8.003;516;447;590;433;599;Greenop et al., 2014
761B;16238.9;7.701;7.651;7.747;1069;912;1249;900;1238;Greenop et al., 2014
761B;16270.0;7.907;7.891;7.924;614;545;684;516;712;Greenop et al., 2014
761B;16301.5;7.702;7.683;7.722;1067;946;1190;898;1236;Greenop et al., 2014
761B;16333.5;7.927;7.910;7.944;581;515;647;487;674;Greenop et al., 2014
761B;16365.9;7.673;7.649;7.695;1154;1020;1292;972;1337;Greenop et al., 2014
926A;16377.3;8.007;7.992;8.023;464;411;516;389;538;Sosdian et al., 2018
761B;16382.4;7.973;7.956;7.990;511;452;569;428;593;Foster et al., 2012
761B;16399.0;7.734;7.712;7.756;983;869;1099;827;1139;Greenop et al., 2014
761B;16415.7;7.986;7.970;8.002;492;436;548;412;571;Greenop et al., 2014
761B;16466.7;7.655;7.587;7.717;1208;998;1470;1017;1399;Greenop et al., 2014
761B;16591.0;7.911;7.894;7.928;607;538;677;509;706;Greenop et al., 2014
761B;16646.9;7.951;7.934;7.968;543;481;606;455;631;Greenop et al., 2014
761B;16685.1;7.962;7.935;7.989;526;461;594;440;611;Greenop et al., 2014
872C;16716.8;7.771;7.751;7.791;889;787;992;746;1031;Sosdian et al., 2018
761B;16763.7;7.825;7.800;7.849;770;678;867;646;894;Greenop et al., 2014
926B;16861.1;7.963;7.945;7.982;524;464;586;439;609;Sosdian et al., 2018
926B;16897.2;7.940;7.919;7.961;559;494;626;469;650;Sosdian et al., 2018
761B;16975.2;8.007;7.975;8.038;464;402;528;388;539;Greenop et al., 2014
926B;17081.5;7.991;7.971;8.012;485;428;543;406;564;Sosdian et al., 2018
761B;17113.6;7.928;7.909;7.947;580;512;648;485;674;Greenop et al., 2014
872C;17719.2;7.812;7.794;7.830;796;703;889;666;926;Sosdian et al., 2018
926B;18247.0;8.013;7.997;8.029;456;402;510;380;533;Sosdian et al., 2018
872C;18508.3;7.949;7.933;7.965;547;483;612;455;639;Sosdian et al., 2018
926B;19135.2;7.886;7.868;7.904;649;572;727;540;759;Sosdian et al., 2018
872C;19434.5;8.018;7.992;8.044;449;392;510;372;527;Sosdian et al., 2018
872C;20031.8;7.902;7.884;7.921;623;547;699;516;730;Sosdian et al., 2018
926B;20087.0;8.055;8.040;8.071;405;356;455;335;476;Sosdian et al., 2018
872C;20560.8;7.842;7.825;7.860;734;645;824;607;861;Sosdian et al., 2018
872C;21167.3;7.908;7.891;7.925;613;538;689;506;721;Greenop et al., 2019
872C;21396.1;7.953;7.936;7.969;543;475;610;446;639;Greenop et al., 2019
872C;21775.3;7.942;7.926;7.959;558;488;628;459;658;Sosdian et al., 2018
872C;21839.7;7.933;7.911;7.955;573;500;648;471;675;Greenop et al., 2019
926B;22022.0;7.977;7.945;8.007;507;437;581;416;598;Greenop et al., 2019
926B;22161.0;7.807;7.774;7.838;799;691;915;658;940;Greenop et al., 2019
926B;22442.0;7.820;7.800;7.839;774;676;872;636;911;Greenop et al., 2019
926B;22510.0;7.907;7.888;7.926;613;536;691;503;723;Greenop et al., 2019
926B;22521.0;7.830;7.810;7.851;753;657;850;618;887;Greenop et al., 2019
926B;22580.0;7.833;7.815;7.852;747;653;842;613;880;Greenop et al., 2019
926B;22589.0;7.936;7.919;7.953;565;494;636;463;667;Greenop et al., 2019
926B;22661.0;7.896;7.874;7.917;630;550;712;517;743;Greenop et al., 2019
926B;22673.0;7.852;7.820;7.882;709;613;811;582;836;Greenop et al., 2019
926B;22696.0;7.933;7.914;7.952;570;498;644;468;673;Greenop et al., 2019
926B;22728.0;8.036;8.020;8.053;428;373;482;350;505;Greenop et al., 2019
926B;22736.0;7.961;7.944;7.979;527;460;594;432;623;Greenop et al., 2019
926B;22810.0;8.036;8.020;8.053;428;373;482;350;506;Greenop et al., 2019
926B;22815.0;8.027;8.011;8.044;439;383;495;359;519;Greenop et al., 2019
926B;22820.0;7.995;7.978;8.012;481;419;542;393;568;Greenop et al., 2019
926B;22872.0;7.848;7.829;7.867;719;628;811;590;848;Greenop et al., 2019
926B;22895.0;7.914;7.895;7.933;601;525;679;493;710;Greenop et al., 2019
926B;22939.0;7.988;7.968;8.009;489;427;554;400;578;Greenop et al., 2019
926B;22968.0;8.016;8.000;8.033;453;395;511;370;535;Greenop et al., 2019
926B;23008.0;7.994;7.980;8.008;482;421;542;394;569;Greenop et al., 2019
926B;23023.0;7.972;7.951;7.994;512;445;579;419;605;Greenop et al., 2019
926B;23075.0;7.926;7.909;7.943;582;508;656;476;688;Greenop et al., 2019
926B;23087.0;7.931;7.910;7.952;573;499;648;469;677;Greenop et al., 2019
926B;23094.0;7.956;7.938;7.975;535;467;604;438;633;Greenop et al., 2019
926B;23157.0;7.984;7.966;8.002;495;432;559;405;586;Greenop et al., 2019
926B;23249.0;7.928;7.905;7.951;579;503;656;473;684;Greenop et al., 2019
926B;23264.0;7.936;7.918;7.953;567;495;640;464;671;Greenop et al., 2019
926B;23306.0;7.993;7.972;8.013;484;421;547;395;572;Greenop et al., 2019
926B;23338.0;7.982;7.965;8.000;498;434;562;407;589;Greenop et al., 2019
926B;23575.0;7.986;7.969;8.003;493;429;556;402;583;Greenop et al., 2019
926B;23579.0;7.995;7.978;8.012;481;419;543;392;570;Greenop et al., 2019
926B;23662.0;7.996;7.979;8.013;479;417;541;391;568;Greenop et al., 2019
926B;23733.0;7.926;7.908;7.944;582;507;657;475;689;Greenop et al., 2019
926B;23797.0;7.978;7.953;8.004;503;436;574;410;596;Greenop et al., 2019
926B;23821.0;7.976;7.957;7.996;506;440;573;413;600;Greenop et al., 2019
926B;23857.0;7.865;7.811;7.916;685;571;816;559;810;Greenop et al., 2019
926B;23928.0;8.002;7.984;8.019;472;410;533;384;559;Greenop et al., 2019
926B;23978.0;8.043;8.022;8.064;420;364;476;342;498;Greenop et al., 2019
926B;24018.0;7.971;7.935;8.006;515;439;596;419;610;Greenop et al., 2019
TDP;32980.0;7.877;7.859;7.894;668;569;767;526;810;Pearson et al., 2009
TDP;33170.0;7.817;7.798;7.835;786;670;903;619;953;Pearson et al., 2009
TDP;33330.0;7.761;7.743;7.780;911;776;1046;718;1104;Pearson et al., 2009
TDP;33380.0;7.762;7.743;7.781;905;771;1039;713;1097;Pearson et al., 2009
TDP;33590.0;7.827;7.809;7.845;764;650;878;601;927;Pearson et al., 2009
TDP;33960.0;7.752;7.733;7.771;936;796;1077;736;1137;Pearson et al., 2009
TDP;34210.0;7.737;7.717;7.757;974;828;1120;765;1183;Pearson et al., 2009
TDP;34420.0;7.739;7.712;7.766;969;820;1122;760;1177;Pearson et al., 2009
TDP;34630.0;7.782;7.754;7.809;865;731;1002;677;1052;Pearson et al., 2009
865;35607.5;7.722;7.704;7.741;1024;867;1181;799;1249;Anagnostou et al., 2020
865;36396.4;7.747;7.724;7.769;954;806;1105;742;1166;Anagnostou et al., 2020
TDP;36900.0;7.768;7.739;7.796;901;756;1050;699;1103;Anagnostou et al., 2016
865;36963.3;7.732;7.712;7.753;994;839;1150;771;1217;Anagnostou et al., 2020
865;36963.3;7.748;7.728;7.768;953;804;1103;740;1167;Anagnostou et al., 2020
865;37636.1;7.746;7.708;7.783;958;796;1133;742;1175;Anagnostou et al., 2020
865;38109.4;7.709;7.687;7.731;1065;896;1237;823;1308;Anagnostou et al., 2020
865;38781.1;7.710;7.694;7.727;1062;893;1232;818;1307;Anagnostou et al., 2020
865;38781.1;7.712;7.695;7.730;1057;888;1226;814;1300;Anagnostou et al., 2020
865;38781.1;7.695;7.674;7.715;1109;932;1287;854;1364;Anagnostou et al., 2020
865;38781.1;7.706;7.683;7.728;1073;901;1247;826;1319;Anagnostou et al., 2020
865;39124.0;7.782;7.764;7.801;869;729;1008;668;1070;Henehan et al., 2020
865;39327.0;7.766;7.747;7.785;902;756;1047;693;1110;Henehan et al., 2020
865;39446.0;7.741;7.717;7.765;977;817;1139;750;1204;Anagnostou et al., 2020
865;39446.0;7.702;7.682;7.722;1083;908;1258;832;1334;Anagnostou et al., 2020
1260;39807.9;7.708;7.689;7.728;1052;882;1222;808;1297;Henehan et al., 2020
1260;39911.0;7.765;7.746;7.783;906;759;1053;695;1117;Henehan et al., 2020
865;39958.0;7.739;7.719;7.758;977;818;1135;749;1205;Henehan et al., 2020
1260;39982.7;7.780;7.761;7.799;867;726;1008;665;1070;Henehan et al., 2020
865;40000.0;7.747;7.727;7.766;957;802;1113;734;1181;Henehan et al., 2020
865;40031.0;7.705;7.684;7.725;1068;894;1241;819;1317;Henehan et al., 2020
1260;40061.5;7.703;7.681;7.725;1057;885;1229;811;1302;Henehan et al., 2020
865;40092.0;7.637;7.614;7.659;1275;1069;1484;979;1572;Henehan et al., 2020
1260;40110.9;7.674;7.654;7.694;1157;969;1345;887;1426;Henehan et al., 2020
865;40140.0;7.622;7.599;7.644;1331;1115;1548;1021;1641;Henehan et al., 2020
865;40140.0;7.642;7.620;7.663;1259;1055;1465;966;1553;Henehan et al., 2020
865;40169.0;7.544;7.517;7.570;1629;1362;1901;1251;2006;Henehan et al., 2020
865;40244.0;7.745;7.726;7.765;957;801;1113;733;1181;Henehan et al., 2020
1260;40250.2;7.746;7.727;7.764;953;798;1108;730;1176;Henehan et al., 2020
865;40250.6;7.691;7.671;7.710;1120;937;1303;858;1382;Anagnostou et al., 2020
TDP;40300.0;7.799;7.779;7.819;830;694;966;635;1025;"Edgar et al., 2015; Anagnostou et al., 2016"
865;40309.0;7.738;7.718;7.758;975;816;1134;747;1203;Henehan et al., 2020
1260;40338.0;7.685;7.666;7.704;1136;951;1321;869;1402;Anagnostou et al., 2020
865;40378.0;7.748;7.728;7.768;950;795;1105;727;1173;Henehan et al., 2020
1260;40394.1;7.738;7.718;7.757;979;819;1138;749;1208;Henehan et al., 2020
865;40517.0;7.724;7.704;7.745;1010;845;1175;773;1247;Henehan et al., 2020
1260;40517.2;7.747;7.729;7.766;951;796;1106;727;1174;Henehan et al., 2020
865;40629.0;7.695;7.674;7.716;1091;912;1269;835;1347;Henehan et al., 2020
1260;40648.9;7.758;7.739;7.778;922;771;1074;705;1140;Henehan et al., 2020
865;40810.0;7.704;7.683;7.725;1068;893;1244;817;1320;Henehan et al., 2020
865;40917.8;7.729;7.709;7.748;1009;842;1175;770;1247;Anagnostou et al., 2020
865;40921.0;7.743;7.723;7.763;963;805;1122;736;1191;Henehan et al., 2020
1260;40933.0;7.711;7.693;7.728;1060;886;1234;809;1311;Anagnostou et al., 2020
1260;41012.3;7.685;7.665;7.705;1122;937;1306;857;1386;Henehan et al., 2020
865;41130.0;7.765;7.745;7.784;909;759;1059;693;1125;Henehan et al., 2020
865;41467.8;7.704;7.681;7.725;1079;900;1259;822;1336;Anagnostou et al., 2020
865;41530.0;7.759;7.740;7.779;928;773;1082;706;1150;Henehan et al., 2020
1260;41796.0;7.765;7.747;7.783;911;759;1062;693;1129;Anagnostou et al., 2020
865;42387.4;7.726;7.707;7.745;1015;845;1184;770;1260;Anagnostou et al., 2020
865;43068.0;7.714;7.694;7.734;1048;870;1225;793;1303;Anagnostou et al., 2020
865;43068.0;7.704;7.685;7.723;1080;897;1262;817;1343;Anagnostou et al., 2020
865;43383.6;7.738;7.721;7.756;981;815;1147;741;1221;Anagnostou et al., 2020
865;43744.2;7.677;7.661;7.693;1163;966;1360;878;1449;Anagnostou et al., 2020
1260;43763.0;7.694;7.673;7.715;1107;918;1296;835;1378;Anagnostou et al., 2020
TDP;44400.0;7.744;7.722;7.766;953;790;1118;718;1189;Anagnostou et al., 2016
865;44537.6;7.684;7.664;7.704;1135;939;1330;854;1416;Anagnostou et al., 2020
1260;44825.0;7.716;7.698;7.734;1043;862;1222;783;1302;Anagnostou et al., 2020
865;44873.4;7.701;7.681;7.722;1082;894;1269;813;1351;Anagnostou et al., 2020
865;44873.4;7.693;7.674;7.711;1110;918;1301;834;1386;Anagnostou et al., 2020
865;44873.4;7.727;7.708;7.746;1010;835;1184;758;1262;Anagnostou et al., 2020
865;44873.4;7.749;7.729;7.769;948;784;1113;712;1185;Anagnostou et al., 2020
865;45204.8;7.709;7.693;7.726;1062;878;1246;797;1328;Anagnostou et al., 2020
865;45204.8;7.681;7.661;7.700;1142;944;1339;857;1427;Anagnostou et al., 2020
TDP;45600.0;7.704;7.683;7.724;1066;880;1251;799;1333;Anagnostou et al., 2016
1260;45701.0;7.745;7.730;7.759;964;795;1131;721;1207;Anagnostou et al., 2020
865;45753.6;7.704;7.686;7.723;1074;886;1261;803;1344;Anagnostou et al., 2020
865;46317.1;7.700;7.681;7.719;1090;898;1281;813;1366;Anagnostou et al., 2020
1258;46571.0;7.698;7.681;7.715;1090;898;1281;813;1367;Anagnostou et al., 2020
865;46655.2;7.708;7.689;7.727;1068;879;1256;796;1340;Anagnostou et al., 2020
865;47331.3;7.694;7.679;7.709;1102;906;1297;820;1385;Anagnostou et al., 2020
1258;47496.0;7.627;7.605;7.649;1319;1084;1555;981;1657;Anagnostou et al., 2020
865;48015.4;7.692;7.673;7.710;1106;908;1304;820;1392;Anagnostou et al., 2020
865;48015.4;7.676;7.655;7.696;1171;960;1381;868;1475;Anagnostou et al., 2020
1407;48112.5;7.640;7.618;7.662;1266;1039;1493;939;1593;Anagnostou et al., 2020
1258;48137.0;7.562;7.537;7.586;1562;1281;1845;1160;1964;Anagnostou et al., 2020
1258;49001.0;7.588;7.566;7.610;1457;1193;1720;1078;1836;Anagnostou et al., 2020
865;49134.5;7.641;7.620;7.662;1290;1055;1524;952;1629;Anagnostou et al., 2020
865;49818.6;7.654;7.634;7.674;1247;1018;1475;917;1577;Anagnostou et al., 2020
1258;49831.0;7.666;7.646;7.686;1189;971;1406;875;1503;Anagnostou et al., 2020
1409;49990.7;7.562;7.537;7.586;1546;1263;1832;1139;1952;Anagnostou et al., 2020
1409;49990.7;7.572;7.547;7.596;1495;1222;1772;1103;1888;Anagnostou et al., 2020
1409;50541.6;7.465;7.436;7.493;1996;1628;2372;1473;2519;Anagnostou et al., 2020
1409;50593.8;7.476;7.438;7.511;1930;1569;2310;1424;2435;Anagnostou et al., 2020
1409;50603.2;7.469;7.440;7.498;1973;1610;2345;1456;2490;Anagnostou et al., 2020
1409;50603.2;7.443;7.403;7.480;2125;1726;2551;1568;2682;Anagnostou et al., 2020
1409;50622.2;7.470;7.441;7.498;1963;1602;2333;1449;2478;Anagnostou et al., 2020
1409;50683.0;7.518;7.492;7.543;1739;1421;2062;1283;2196;Anagnostou et al., 2020
1258;50705.0;7.656;7.637;7.675;1236;1009;1463;908;1564;Anagnostou et al., 2020
1258;50856.0;7.679;7.660;7.699;1151;939;1362;846;1456;Anagnostou et al., 2020
1409;51288.5;7.505;7.479;7.530;1795;1466;2127;1324;2265;Anagnostou et al., 2020
1409;51604.9;7.610;7.586;7.632;1377;1125;1632;1014;1741;Anagnostou et al., 2020
1409;51631.5;7.585;7.561;7.609;1465;1197;1736;1079;1851;Anagnostou et al., 2020
1409;51631.5;7.558;7.528;7.587;1585;1292;1886;1167;2002;Anagnostou et al., 2020
1409;51658.1;7.524;7.497;7.551;1716;1401;2036;1265;2166;Anagnostou et al., 2020
1409;51658.1;7.545;7.520;7.569;1632;1333;1934;1203;2061;Anagnostou et al., 2020
1409;51658.1;7.552;7.527;7.575;1610;1315;1908;1186;2033;Anagnostou et al., 2020
1409;51711.2;7.491;7.461;7.520;1875;1530;2229;1383;2367;Anagnostou et al., 2020
1258;51980.0;7.643;7.622;7.664;1272;1038;1505;935;1609;Anagnostou et al., 2020
1258;51980.0;7.692;7.674;7.711;1119;912;1324;821;1416;Anagnostou et al., 2020
1409;52881.7;7.598;7.575;7.621;1408;1150;1667;1037;1778;Anagnostou et al., 2020
1409;52881.7;7.666;7.645;7.688;1181;963;1397;869;1492;Anagnostou et al., 2020
TDP;53200.0;7.658;7.637;7.680;1204;982;1424;886;1521;Anagnostou et al., 2016
1258;53628.0;7.702;7.681;7.722;1086;886;1285;798;1374;Anagnostou et al., 2020
1409;53871.5;7.684;7.663;7.705;1125;919;1331;828;1423;Anagnostou et al., 2020
1210;53963.0;7.729;7.707;7.751;1010;823;1197;741;1279;Harper et al., 2020
1210;53969.3;7.807;7.787;7.826;815;664;966;597;1033;Harper et al., 2020
1210;54007.8;7.729;7.704;7.754;1004;817;1192;737;1270;Harper et al., 2020
1210;54038.1;7.657;7.633;7.681;1214;991;1440;893;1535;Harper et al., 2020
1210;54044.1;7.692;7.675;7.709;1115;910;1319;819;1411;Harper et al., 2020
1210;54047.7;7.757;7.741;7.773;933;760;1104;684;1181;Harper et al., 2020
1210;54050.0;7.782;7.766;7.799;872;711;1033;640;1105;Harper et al., 2020
1210;54050.8;7.751;7.727;7.773;951;775;1129;698;1205;Harper et al., 2020
1210;54051.5;7.743;7.721;7.765;966;787;1144;709;1222;Harper et al., 2020
1210;54052.6;7.789;7.771;7.807;856;697;1013;628;1084;Harper et al., 2020
1210;54054.1;7.822;7.802;7.842;780;635;923;571;988;Harper et al., 2020
1210;54060.4;7.850;7.827;7.873;721;587;857;528;915;Harper et al., 2020
1210;54080.3;7.820;7.800;7.839;785;639;929;575;994;Harper et al., 2020
1258;54678.0;7.826;7.809;7.843;770;627;911;565;975;Anagnostou et al., 2020
865B;55086.3;7.754;7.733;7.774;930;758;1100;683;1176;Penman et al., 2014
401;55505.7;7.663;7.633;7.691;1176;959;1399;866;1486;Gutjahr et al., 2017
401;55534.6;7.668;7.642;7.693;1160;946;1376;854;1466;Gutjahr et al., 2017
1258;55541.0;7.765;7.747;7.782;912;743;1079;669;1154;Anagnostou et al., 2020
401;55551.2;7.649;7.619;7.678;1215;991;1446;895;1535;Gutjahr et al., 2017
401;55602.3;7.698;7.670;7.724;1074;876;1277;791;1358;Gutjahr et al., 2017
401;55624.0;7.614;7.584;7.642;1335;1089;1588;984;1687;Gutjahr et al., 2017
401;55634.6;7.652;7.612;7.690;1209;980;1455;891;1528;Gutjahr et al., 2017
865B;55653.7;7.733;7.711;7.754;983;802;1162;723;1243;Penman et al., 2014
401;55654.6;7.741;7.719;7.763;959;782;1135;705;1213;Gutjahr et al., 2017
401;55676.8;7.734;7.712;7.756;975;795;1154;717;1232;Gutjahr et al., 2017
401;55702.3;7.760;7.737;7.783;912;744;1081;671;1154;Gutjahr et al., 2017
401;55723.5;7.728;7.705;7.751;993;811;1177;731;1256;Gutjahr et al., 2017
401;55747.9;7.702;7.674;7.729;1061;864;1260;781;1341;Gutjahr et al., 2017
1263D;55760.9;7.719;7.691;7.746;999;814;1187;736;1262;Penman et al., 2014
401;55769.0;7.721;7.697;7.745;1010;825;1198;743;1277;Gutjahr et al., 2017
1209B;55789.0;7.735;7.718;7.752;977;798;1155;719;1236;Penman et al., 2014
401;55790.1;7.660;7.633;7.687;1181;963;1402;870;1492;Gutjahr et al., 2017
1209;55793.8;7.681;7.666;7.696;1139;929;1346;837;1440;Harper et al., 2020
1209B;55795.7;7.733;7.716;7.751;981;801;1159;721;1240;Penman et al., 2014
401;55811.3;7.736;7.707;7.763;974;793;1159;716;1232;Gutjahr et al., 2017
1209B;55818.7;7.782;7.765;7.799;862;704;1020;634;1091;Penman et al., 2014
401;55832.5;7.648;7.599;7.694;1222;980;1491;901;1544;Gutjahr et al., 2017
401;55846.9;7.653;7.631;7.674;1208;987;1427;890;1526;Gutjahr et al., 2017
401;55852.5;7.575;7.537;7.611;1474;1197;1770;1087;1861;Gutjahr et al., 2017
401;55859.5;7.735;7.711;7.758;975;796;1156;717;1233;Gutjahr et al., 2017
1209B;55861.8;7.794;7.776;7.813;835;681;987;613;1056;Penman et al., 2014
1209B;55866.6;7.739;7.710;7.766;967;788;1151;711;1223;Penman et al., 2014
1209B;55867.6;7.674;7.653;7.694;1154;942;1364;849;1459;Penman et al., 2014
401;55872.3;7.673;7.606;7.733;1150;904;1440;846;1453;Gutjahr et al., 2017
401;55888.9;7.699;7.663;7.732;1074;872;1286;791;1358;Gutjahr et al., 2017
401;55903.2;7.681;7.655;7.707;1124;916;1334;827;1420;Gutjahr et al., 2017
1209;55907.5;7.532;7.503;7.559;1695;1382;2014;1249;2140;Harper et al., 2020
1209B;55907.5;7.648;7.623;7.673;1233;1006;1462;908;1558;Penman et al., 2014
401;55920.0;7.687;7.657;7.716;1107;902;1318;815;1399;Gutjahr et al., 2017
1209B;55923.5;7.668;7.646;7.689;1172;957;1386;863;1482;Penman et al., 2014
1209B;55930.4;7.605;7.579;7.630;1394;1137;1655;1026;1762;Penman et al., 2014
1209B;55932.7;7.608;7.587;7.629;1383;1129;1635;1018;1748;Penman et al., 2014
401;55934.3;7.683;7.658;7.707;1121;915;1330;825;1417;Gutjahr et al., 2017
1263B;55935.8;7.691;7.658;7.723;1084;882;1293;798;1370;Penman et al., 2014
865B;55938.7;7.746;7.727;7.766;948;773;1121;697;1199;Penman et al., 2014
401;55942.2;7.696;7.676;7.715;1083;885;1281;797;1370;Gutjahr et al., 2017
1209;55946.5;7.530;7.503;7.556;1714;1398;2035;1263;2165;Harper et al., 2020
401;55948.8;7.592;7.547;7.633;1415;1143;1711;1043;1787;Gutjahr et al., 2017
1209B;55952.3;7.532;7.510;7.554;1682;1374;1989;1240;2124;Penman et al., 2014
1209B;55952.3;7.531;7.488;7.571;1690;1366;2040;1245;2134;Penman et al., 2014
401;55955.4;7.730;7.709;7.751;988;806;1169;727;1250;Gutjahr et al., 2017
1263A;55959.1;7.573;7.500;7.639;1464;1148;1848;1080;1848;Penman et al., 2014
401;55963.3;7.574;7.504;7.637;1484;1166;1866;1095;1874;Gutjahr et al., 2017
1209B;55969.6;7.637;7.613;7.660;1284;1049;1522;945;1624;Penman et al., 2014
1209;55992.7;7.550;7.521;7.577;1634;1331;1944;1203;2065;Harper et al., 2020
1209B;55992.7;7.592;7.566;7.618;1441;1176;1711;1061;1821;Penman et al., 2014
401;55993.2;7.497;7.442;7.547;1790;1432;2196;1322;2259;Gutjahr et al., 2017
865C;55993.8;7.356;7.314;7.395;2625;2132;3157;1939;3310;Penman et al., 2014
401;56003.6;7.634;7.602;7.664;1270;1035;1513;936;1605;Gutjahr et al., 2017
1209B;56004.2;7.541;7.518;7.563;1646;1345;1948;1213;2078;Penman et al., 2014
1209B;56004.2;7.537;7.505;7.569;1661;1352;1979;1224;2097;Penman et al., 2014
1209B;56005.0;7.583;7.548;7.616;1478;1200;1767;1088;1867;Penman et al., 2014
401;56013.6;7.585;7.550;7.619;1432;1165;1710;1056;1808;Gutjahr et al., 2017
401;56018.7;7.777;7.748;7.805;872;710;1039;641;1103;Gutjahr et al., 2017
1209B;56021.0;7.727;7.703;7.750;997;814;1183;733;1261;Penman et al., 2014
1263C;56021.7;7.735;7.702;7.767;958;780;1143;706;1211;Penman et al., 2014
1209B;56025.0;7.777;7.750;7.804;873;710;1039;641;1105;Penman et al., 2014
1209;56029.0;7.660;7.641;7.680;1208;986;1429;889;1528;Harper et al., 2020
1209B;56029.0;7.742;7.723;7.761;959;782;1134;705;1213;Penman et al., 2014
1209B;56031.0;7.777;7.746;7.808;873;709;1042;641;1105;Penman et al., 2014
401;56031.8;7.780;7.728;7.828;864;689;1061;635;1093;Gutjahr et al., 2017
1209;56039.0;7.774;7.752;7.797;888;724;1054;652;1125;Harper et al., 2020
1209B;56039.0;7.772;7.754;7.790;885;722;1047;650;1120;Penman et al., 2014
401;56051.0;7.701;7.671;7.730;1061;864;1263;781;1340;Gutjahr et al., 2017
401;56072.8;7.755;7.726;7.782;924;752;1100;680;1169;Gutjahr et al., 2017
401;56089.9;7.778;7.752;7.804;867;706;1030;638;1097;Gutjahr et al., 2017
401;56136.2;7.743;7.712;7.773;953;776;1136;701;1206;Gutjahr et al., 2017
401;56152.4;7.675;7.646;7.703;1139;928;1355;839;1439;Gutjahr et al., 2017
865B;56162.0;7.794;7.778;7.811;834;680;987;613;1056;Penman et al., 2014
401;56163.8;7.780;7.756;7.805;863;704;1024;634;1092;Gutjahr et al., 2017
1209;56176.0;7.707;7.689;7.726;1061;866;1255;780;1342;Harper et al., 2020
1209B;56176.0;7.725;7.708;7.743;1003;818;1185;737;1268;Penman et al., 2014
1209B;56176.0;7.729;7.711;7.748;992;810;1173;729;1254;Penman et al., 2014
401;56214.1;7.716;7.685;7.746;1021;832;1217;752;1291;Gutjahr et al., 2017
401;56246.6;7.774;7.743;7.803;879;715;1047;646;1112;Gutjahr et al., 2017
401;56448.9;7.857;7.820;7.893;703;569;846;516;891;Gutjahr et al., 2017
1209;65614.1;7.692;7.655;7.728;1102;893;1323;810;1393;Henehan et al., 2019
1209;65921.2;7.811;7.793;7.828;803;654;951;589;1018;Henehan et al., 2019
1209;65957.0;7.757;7.734;7.779;929;757;1101;682;1176;Henehan et al., 2019
1209;65986.3;7.897;7.867;7.926;632;512;755;462;802;Henehan et al., 2019
1209;65997.5;8.001;7.986;8.016;467;379;554;340;594;Henehan et al., 2019
Brazos River;66020.0;7.657;7.634;7.680;1203;982;1425;885;1520;Henehan et al., 2019
Geulhemmerberg, 'E' clay;66039.0;7.490;7.467;7.513;1820;1488;2151;1344;2296;Henehan et al., 2019
Geulhemmerberg, 'E' clay;66039.0;7.541;7.515;7.567;1605;1311;1902;1184;2025;Henehan et al., 2019
Geulhemmerberg, 'E' clay;66039.0;7.454;7.403;7.501;1993;1601;2431;1472;2514;Henehan et al., 2019
Brazos River;66045.6;7.727;7.706;7.747;1002;818;1185;737;1268;Henehan et al., 2019
Brazos River;66054.0;7.762;7.743;7.780;915;746;1082;672;1157;Henehan et al., 2019
Brazos River;66094.0;7.762;7.743;7.780;916;747;1084;672;1160;Henehan et al., 2019
465;66132.3;7.834;7.818;7.850;749;610;886;549;948;Henehan et al., 2019
1049;66172.7;7.604;7.582;7.626;1384;1130;1637;1019;1748;Henehan et al., 2019
OwlCreek;66320.0;7.732;7.707;7.756;974;795;1155;717;1232;Henehan et al., 2019
1049;66820.0;7.725;7.709;7.740;1004;820;1187;738;1270;Henehan et al., 2019
1049;66820.0;7.698;7.679;7.717;1085;885;1283;798;1372;Henehan et al., 2019
